step,time,u_avg_total,u_avg_cube
0,0.000000,20.395508,80.000000
200,0.586524,20.395508,78.048843
400,1.173048,20.395508,76.283234
600,1.759572,20.395508,74.679718
800,2.346096,20.395508,73.218811
1000,2.932620,20.395508,71.883621
1200,3.519144,20.395506,70.659508
1400,4.105669,20.395508,69.533699
1600,4.692193,20.395508,68.495102
1800,5.278717,20.395508,67.534012
2000,5.865241,20.395508,66.641998
2200,6.451765,20.395508,65.811638
2400,7.038289,20.395508,65.036438
2600,7.624813,20.395508,64.310722
2800,8.211337,20.395508,63.629486
3000,8.797861,20.395508,62.988327
3200,9.384385,20.395508,62.383369
3400,9.970909,20.395508,61.811184
3600,10.557433,20.395508,61.268742
3800,11.143957,20.395508,60.753334
4000,11.730481,20.395508,60.262596
4200,12.317005,20.395508,59.794399
4400,12.903529,20.395508,59.346848
4600,13.490053,20.395508,58.918262
4800,14.076577,20.395510,58.507130
5000,14.663101,20.395510,58.112103
5200,15.249625,20.395510,57.731964
5400,15.836149,20.395510,57.365623
5600,16.422674,20.395510,57.012108
5800,17.009197,20.395510,56.670528
6000,17.595722,20.395510,56.340080
6200,18.182245,20.395510,56.020039
6400,18.768770,20.395510,55.709740
6600,19.355293,20.395512,55.408588
6800,19.941818,20.395512,55.116032
7000,20.528341,20.395512,54.831585
7200,21.114866,20.395512,54.554779
7400,21.701389,20.395514,54.285194
7600,22.287914,20.395514,54.022457
7800,22.874437,20.395515,53.766205
8000,23.460962,20.395515,53.516125
8200,24.047485,20.395515,53.271904
8400,24.634010,20.395515,53.033264
8600,25.220533,20.395515,52.799942
8800,25.807058,20.395515,52.571712
9000,26.393581,20.395515,52.348335
9200,26.980106,20.395517,52.129612
9400,27.566629,20.395517,51.915348
9600,28.153154,20.395517,51.705364
9800,28.739677,20.395519,51.499481
10000,29.326202,20.395519,51.297550
10200,29.912725,20.395521,51.099407
10400,30.499250,20.395521,50.904922
10600,31.085775,20.395523,50.713963
10800,31.672298,20.395523,50.526394
11000,32.258823,20.395525,50.342113
11200,32.845348,20.395525,50.160995
11400,33.431870,20.395525,49.982937
11600,34.018394,20.395527,49.807842
11800,34.604919,20.395527,49.635628
12000,35.191444,20.395527,49.466194
12200,35.777966,20.395529,49.299438
12400,36.364491,20.395529,49.135296
12600,36.951015,20.395531,48.973679
12800,37.537540,20.395533,48.814522
13000,38.124062,20.395535,48.657753
13200,38.710587,20.395536,48.503307
13400,39.297112,20.395536,48.351101
13600,39.883636,20.395538,48.201096
13800,40.470158,20.395540,48.053219
14000,41.056683,20.395542,47.907410
14200,41.643208,20.395544,47.763618
14400,42.229733,20.395544,47.621803
14600,42.816254,20.395546,47.481903
14800,43.402779,20.395548,47.343872
15000,43.989304,20.395550,47.207657
15200,44.575829,20.395550,47.073223
15400,45.162354,20.395552,46.940521
15600,45.748875,20.395554,46.809517
15800,46.335400,20.395555,46.680164
16000,46.921925,20.395557,46.552425
16200,47.508450,20.395557,46.426262
16400,48.094971,20.395559,46.301636
16600,48.681496,20.395561,46.178520
16800,49.268021,20.395563,46.056885
17000,49.854546,20.395565,45.936680
17200,50.441067,20.395567,45.817890
17400,51.027592,20.395569,45.700481
17600,51.614117,20.395571,45.584415
17800,52.200642,20.395573,45.469677
18000,52.787163,20.395575,45.356243
18200,53.373688,20.395576,45.244061
18400,53.960213,20.395578,45.133137
18600,54.546738,20.395580,45.023418
18800,55.133259,20.395582,44.914890
19000,55.719784,20.395584,44.807545
19200,56.306309,20.395586,44.701336
19400,56.892834,20.395588,44.596264
19600,57.479355,20.395592,44.492279
19800,58.065880,20.395594,44.389389
20000,58.652405,20.395597,44.287571
20200,59.238930,20.395599,44.186771
20400,59.825451,20.395601,44.087017
20600,60.411976,20.395603,43.988274
20800,60.998501,20.395605,43.890488
21000,61.585026,20.395607,43.793694
21200,62.171551,20.395609,43.697865
21400,62.758072,20.395613,43.602947
21600,63.344597,20.395615,43.508957
21800,63.931122,20.395617,43.415863
22000,64.517647,20.395618,43.323658
22200,65.104172,20.395622,43.232342
22400,65.690697,20.395624,43.141872
22600,66.277214,20.395628,43.052254
22800,66.863739,20.395630,42.963448
23000,67.450264,20.395632,42.875481
23200,68.036789,20.395636,42.788292
23400,68.623314,20.395638,42.701916
23600,69.209839,20.395641,42.616291
23800,69.796364,20.395643,42.531460
24000,70.382889,20.395647,42.447346
24200,70.969406,20.395649,42.364006
24400,71.555931,20.395653,42.281380
24600,72.142456,20.395657,42.199486
24800,72.728981,20.395658,42.118275
25000,73.315506,20.395662,42.037781
25200,73.902031,20.395666,41.957951
25400,74.488556,20.395668,41.878815
25600,75.075081,20.395672,41.800339
25800,75.661606,20.395676,41.722527
26000,76.248123,20.395679,41.645386
26200,76.834648,20.395681,41.568863
26400,77.421173,20.395685,41.492962
26600,78.007698,20.395689,41.417648
26800,78.594223,20.395691,41.342972
27000,79.180748,20.395695,41.268921
27200,79.767273,20.395697,41.195438
27400,80.353798,20.395700,41.122540
27600,80.940315,20.395704,41.050201
27800,81.526840,20.395706,40.978462
28000,82.113365,20.395710,40.907310
28200,82.699890,20.395712,40.836651
28400,83.286415,20.395714,40.766560
28600,83.872940,20.395718,40.697044
28800,84.459465,20.395720,40.628006
29000,85.045990,20.395723,40.559494
29200,85.632507,20.395727,40.491547
29400,86.219032,20.395731,40.424068
29600,86.805557,20.395733,40.357090
29800,87.392082,20.395737,40.290661
30000,87.978607,20.395741,40.224655
30200,88.565132,20.395742,40.159153
30400,89.151657,20.395746,40.094185
30600,89.738182,20.395750,40.029613
30800,90.324707,20.395754,39.965561
31000,90.911224,20.395758,39.901985
31200,91.497749,20.395761,39.838799
31400,92.084274,20.395765,39.776123
31600,92.670799,20.395769,39.713837
31800,93.257324,20.395773,39.652050
32000,93.843849,20.395777,39.590633
32200,94.430374,20.395781,39.529671
32400,95.016899,20.395784,39.469177
32600,95.603416,20.395788,39.409023
32800,96.189941,20.395790,39.349346
33000,96.776466,20.395792,39.290020
33200,97.362991,20.395796,39.231194
33400,97.949516,20.395800,39.172653
33600,98.536041,20.395803,39.114586
33800,99.122566,20.395805,39.056850
34000,99.709091,20.395809,38.999584
34200,100.295609,20.395813,38.942596
34400,100.882133,20.395817,38.886066
34600,101.468658,20.395821,38.829849
34800,102.055183,20.395824,38.774090
35000,102.641708,20.395828,38.718582
35200,103.228233,20.395830,38.663528
35400,103.814758,20.395834,38.608753
35600,104.401283,20.395840,38.554428
35800,104.987801,20.395844,38.500340
36000,105.574326,20.395847,38.446667
36200,106.160851,20.395851,38.393311
36400,106.747375,20.395853,38.340298
36600,107.333900,20.395857,38.287663
36800,107.920425,20.395859,38.235256
37000,108.506950,20.395863,38.183281
37200,109.093475,20.395864,38.131535
37400,109.680000,20.395870,38.080215
37600,110.266518,20.395874,38.029140
37800,110.853043,20.395878,37.978367
38000,111.439568,20.395882,37.927979
38200,112.026093,20.395887,37.877800
38400,112.612617,20.395891,37.828033
38600,113.199142,20.395895,37.778492
38800,113.785667,20.395899,37.729233
39000,114.372192,20.395903,37.680351
39200,114.958710,20.395906,37.631660
39400,115.545235,20.395912,37.583374
39600,116.131760,20.395916,37.535336
39800,116.718285,20.395920,37.487499
40000,117.304810,20.395922,37.440044
40200,117.891335,20.395926,37.392796
40400,118.477859,20.395929,37.345837
40600,119.064384,20.395933,37.299252
40800,119.650902,20.395935,37.252789
41000,120.237427,20.395939,37.206631
41200,120.823952,20.395943,37.160824
41400,121.410477,20.395945,37.115150
41600,121.997002,20.395948,37.069824
41800,122.583527,20.395952,37.024803
42000,123.170052,20.395956,36.979885
42200,123.756577,20.395958,36.935299
42400,124.343102,20.395962,36.891041
42600,124.929619,20.395964,36.846893
42800,125.516144,20.395967,36.803070
43000,126.102669,20.395971,36.759567
43200,126.689194,20.395973,36.716137
43400,127.275719,20.395975,36.672993
43600,127.862244,20.395979,36.630177
43800,128.448761,20.395983,36.587490
44000,129.035294,20.395985,36.545052
44200,129.621811,20.395988,36.502926
44400,130.208344,20.395992,36.460983
44600,130.794861,20.395994,36.419155
44800,131.381393,20.395996,36.377636
45000,131.967911,20.396000,36.336418
45200,132.554428,20.396002,36.295280
45400,133.140961,20.396006,36.254429
45600,133.727478,20.396009,36.213890
45800,134.314011,20.396013,36.173477
46000,134.900528,20.396015,36.133175
46200,135.487061,20.396019,36.093151
46400,136.073578,20.396023,36.053436
46600,136.660110,20.396025,36.013805
46800,137.246628,20.396029,35.974396
47000,137.833145,20.396032,35.935257
47200,138.419678,20.396036,35.896355
47400,139.006195,20.396038,35.857506
47600,139.592728,20.396040,35.818893
47800,140.179245,20.396044,35.780537
48000,140.765778,20.396046,35.742397
48200,141.352295,20.396048,35.704319
48400,141.938812,20.396049,35.666515
48600,142.525345,20.396051,35.628983
48800,143.111862,20.396055,35.591610
49000,143.698395,20.396055,35.554283
49200,144.284912,20.396057,35.517174
49400,144.871445,20.396061,35.480312
49600,145.457962,20.396063,35.443699
49800,146.044495,20.396067,35.407124
50000,146.631012,20.396069,35.370766
50200,147.217529,20.396069,35.334621
50400,147.804062,20.396072,35.298759
50600,148.390579,20.396072,35.262928
50800,148.977112,20.396074,35.227192
51000,149.563629,20.396076,35.191734
51200,150.150162,20.396078,35.156517
51400,150.736679,20.396082,35.121429
51600,151.323212,20.396084,35.086395
51800,151.909729,20.396086,35.051617
52000,152.496246,20.396088,35.017029
52200,153.082779,20.396091,34.982697
52400,153.669296,20.396093,34.948391
52600,154.255829,20.396093,34.914146
52800,154.842346,20.396095,34.880154
53000,155.428879,20.396095,34.846344
53200,156.015396,20.396097,34.812775
53400,156.601913,20.396097,34.779232
53600,157.188446,20.396097,34.745815
53800,157.774963,20.396099,34.712654
54000,158.361496,20.396101,34.679710
54200,158.948013,20.396103,34.646912
54400,159.534546,20.396105,34.614136
54600,160.121063,20.396103,34.581432
54800,160.707596,20.396105,34.548977
55000,161.294113,20.396105,34.516708
55200,161.880630,20.396107,34.484669
55400,162.467163,20.396109,34.452641
55600,163.053680,20.396109,34.420704
55800,163.640213,20.396109,34.389004
56000,164.226730,20.396109,34.357460
56200,164.813263,20.396111,34.326157
56400,165.399780,20.396111,34.294888
56600,165.986313,20.396111,34.263641
56800,166.572830,20.396111,34.232529
57000,167.159348,20.396111,34.201649
57200,167.745880,20.396111,34.170967
57400,168.332397,20.396111,34.140450
57600,168.918930,20.396111,34.109951
57800,169.505447,20.396111,34.079517
58000,170.091980,20.396112,34.049309
58200,170.678497,20.396112,34.019238
58400,171.265015,20.396114,33.989441
58600,171.851547,20.396114,33.959690
58800,172.438065,20.396114,33.929958
59000,173.024597,20.396112,33.900280
59200,173.611115,20.396112,33.870811
59400,174.197647,20.396112,33.841476
59600,174.784164,20.396112,33.812382
59800,175.370697,20.396112,33.783398
60000,175.957214,20.396111,33.754421
60200,176.543732,20.396111,33.725502
60400,177.130264,20.396111,33.696812
60600,177.716782,20.396111,33.668240
60800,178.303314,20.396111,33.639896
61000,178.889832,20.396111,33.611668
61200,179.476364,20.396109,33.583454
61400,180.062881,20.396107,33.555260
61600,180.649414,20.396107,33.527161
61800,181.235931,20.396107,33.499313
62000,181.822449,20.396107,33.471539
62200,182.408981,20.396107,33.444023
62400,182.995499,20.396105,33.416557
62600,183.582031,20.396103,33.389111
62800,184.168549,20.396103,33.361698
63000,184.755081,20.396101,33.334484
63200,185.341599,20.396101,33.307419
63400,185.928116,20.396101,33.280506
63600,186.514648,20.396101,33.253799
63800,187.101166,20.396101,33.227100
64000,187.687698,20.396101,33.200413
64200,188.274216,20.396099,33.173759
64400,188.860748,20.396097,33.147240
64600,189.447266,20.396095,33.120926
64800,190.033798,20.396095,33.094700
65000,190.620316,20.396095,33.068733
65200,191.206833,20.396095,33.042797
65400,191.793365,20.396095,33.016876
65600,192.379883,20.396093,32.990967
65800,192.966415,20.396091,32.965179
66000,193.552933,20.396090,32.939606
66200,194.139465,20.396090,32.914093
66400,194.725983,20.396090,32.888817
66600,195.312515,20.396090,32.863640
66800,195.899033,20.396088,32.838467
67000,196.485550,20.396086,32.813313
67200,197.072083,20.396084,32.788174
67400,197.658600,20.396082,32.763165
67600,198.245132,20.396080,32.738358
67800,198.831650,20.396078,32.713600
68000,199.418182,20.396076,32.689053
68200,200.004700,20.396074,32.664642
68400,200.591217,20.396072,32.640232
68600,201.177750,20.396070,32.615829
68800,201.764267,20.396067,32.591473
69000,202.350800,20.396065,32.567253
69200,202.937317,20.396061,32.543224
69400,203.523849,20.396059,32.519226
69600,204.110367,20.396057,32.495415
69800,204.696899,20.396055,32.471760
70000,205.283417,20.396053,32.448116
70200,205.869934,20.396051,32.424473
70400,206.456467,20.396049,32.400848
70600,207.042984,20.396046,32.377254
70800,207.629517,20.396044,32.353848
71000,208.216034,20.396042,32.330582
71200,208.802567,20.396038,32.307362
71400,209.389084,20.396036,32.284313
71600,209.975601,20.396034,32.261425
71800,210.562134,20.396032,32.238537
72000,211.148651,20.396030,32.215660
72200,211.735184,20.396027,32.192795
72400,212.321701,20.396023,32.169994
72600,212.908234,20.396021,32.147388
72800,213.494751,20.396019,32.124889
73000,214.081284,20.396017,32.102428
73200,214.667801,20.396015,32.080170
73400,215.254318,20.396013,32.058044
73600,215.840851,20.396011,32.035923
73800,216.427368,20.396008,32.013809
74000,217.013901,20.396006,31.991728
74200,217.600418,20.396004,31.969757
74400,218.186951,20.396000,31.947878
74600,218.773468,20.395996,31.926132
74800,219.360001,20.395994,31.904400
75000,219.946518,20.395990,31.882689
75200,220.533035,20.395987,31.861095
75400,221.119568,20.395983,31.839586
75600,221.706085,20.395981,31.818218
75800,222.292618,20.395977,31.796864
76000,222.879135,20.395973,31.775541
76200,223.465668,20.395969,31.754345
76400,224.052185,20.395966,31.733232
76600,224.638702,20.395964,31.712248
76800,225.225235,20.395960,31.691277
77000,225.811752,20.395956,31.670324
77200,226.398285,20.395954,31.649467
77400,226.984802,20.395950,31.628700
77600,227.571335,20.395948,31.608061
77800,228.157852,20.395945,31.587463
78000,228.744385,20.395943,31.566887
78200,229.330902,20.395939,31.546385
78400,229.917419,20.395935,31.525988
78600,230.503952,20.395931,31.505709
78800,231.090469,20.395929,31.485495
79000,231.677002,20.395926,31.465286
79200,232.263519,20.395920,31.445103
79400,232.850052,20.395916,31.425028
79600,233.436569,20.395914,31.405033
79800,234.023102,20.395910,31.385164
80000,234.609619,20.395906,31.365330
80200,235.196136,20.395905,31.345510
80400,235.782669,20.395901,31.325748
80600,236.369186,20.395897,31.306103
80800,236.955719,20.395893,31.286551
81000,237.542236,20.395887,31.267094
81200,238.128769,20.395884,31.247646
81400,238.715286,20.395880,31.228214
81600,239.301804,20.395876,31.208830
81800,239.888336,20.395872,31.189560
82000,240.474854,20.395866,31.170359
82200,241.061386,20.395863,31.151283
82400,241.647903,20.395859,31.132215
82600,242.234436,20.395853,31.113159
82800,242.820953,20.395849,31.094166
83000,243.407486,20.395845,31.075291
83200,243.994003,20.395842,31.056486
83400,244.580521,20.395836,31.037794
83600,245.167053,20.395830,31.019108
83800,245.753571,20.395824,31.000429
84000,246.340103,20.395819,30.981791
84200,246.926620,20.395815,30.963270
84400,247.513153,20.395809,30.944792
84600,248.099670,20.395805,30.926443
84800,248.686203,20.395802,30.908134
85000,249.272720,20.395798,30.889833
85200,249.859238,20.395794,30.871550
85400,250.445770,20.395790,30.853386
85600,251.032288,20.395784,30.835279
85800,251.618820,20.395781,30.817270
86000,252.205338,20.395779,30.799341
86200,252.791870,20.395775,30.781418
86400,253.378387,20.395771,30.763504
86600,253.964905,20.395765,30.745621
86800,254.551437,20.395760,30.727852
87000,255.137955,20.395756,30.710127
87200,255.724487,20.395752,30.692513
87400,256.311005,20.395746,30.674967
87600,256.897522,20.395742,30.657423
87800,257.484070,20.395739,30.639891
88000,258.070587,20.395733,30.622421
88200,258.657104,20.395727,30.605062
88400,259.243622,20.395723,30.587740
88600,259.830139,20.395718,30.570543
88800,260.416687,20.395714,30.553377
89000,261.003204,20.395708,30.536215
89200,261.589722,20.395704,30.519066
89400,262.176239,20.395699,30.501947
89600,262.762787,20.395693,30.484938
89800,263.349304,20.395689,30.467972
90000,263.935822,20.395683,30.451105
90200,264.522339,20.395679,30.434320
90400,265.108856,20.395674,30.417540
90600,265.695404,20.395670,30.400764
90800,266.281921,20.395664,30.384020
91000,266.868439,20.395658,30.367392
91200,267.454956,20.395655,30.350807
91400,268.041504,20.395649,30.334291
91600,268.628021,20.395643,30.317884
91800,269.214539,20.395638,30.301483
92000,269.801056,20.395632,30.285086
92200,270.387573,20.395626,30.268700
92400,270.974121,20.395618,30.252348
92600,271.560638,20.395613,30.236095
92800,272.147156,20.395607,30.219893
93000,272.733673,20.395599,30.203753
93200,273.320221,20.395594,30.187719
93400,273.906738,20.395588,30.171700
93600,274.493256,20.395580,30.155684
93800,275.079773,20.395575,30.139683
94000,275.666290,20.395567,30.123726
94200,276.252838,20.395561,30.107887
94400,276.839355,20.395554,30.092072
94600,277.425873,20.395548,30.076349
94800,278.012390,20.395542,30.060711
95000,278.598907,20.395535,30.045073
95200,279.185455,20.395529,30.029440
95400,279.771973,20.395521,30.013813
95600,280.358490,20.395515,29.998209
95800,280.945007,20.395510,29.982700
96000,281.531555,20.395502,29.967253
96200,282.118073,20.395496,29.951845
96400,282.704590,20.395491,29.936554
96600,283.291107,20.395483,29.921297
96800,283.877625,20.395475,29.906042
97000,284.464172,20.395470,29.890795
97200,285.050690,20.395462,29.875563
97400,285.637207,20.395454,29.860407
97600,286.223724,20.395447,29.845341
97800,286.810272,20.395439,29.830290
98000,287.396790,20.395433,29.815350
98200,287.983307,20.395426,29.800472
98400,288.569824,20.395418,29.785597
98600,289.156342,20.395412,29.770725
98800,289.742889,20.395403,29.755859
99000,290.329407,20.395395,29.741007
99200,290.915924,20.395388,29.726208
99400,291.502441,20.395380,29.711510
99600,292.088989,20.395372,29.696833
99800,292.675507,20.395365,29.682215
100000,293.262024,20.395359,29.667715
100200,293.848541,20.395351,29.653221
100400,294.435059,20.395344,29.638729
100600,295.021606,20.395336,29.624245
100800,295.608124,20.395329,29.609772
101000,296.194641,20.395321,29.595367
101200,296.781158,20.395313,29.581062
101400,297.367706,20.395306,29.566769
101600,297.954224,20.395298,29.552542
101800,298.540741,20.395290,29.538420
102000,299.127258,20.395283,29.524305
102200,299.713776,20.395275,29.510195
102400,300.300323,20.395267,29.496086
102600,300.886841,20.395258,29.481983
102800,301.473358,20.395248,29.467896
103000,302.059875,20.395241,29.453876
103200,302.646423,20.395233,29.439947
103400,303.232941,20.395224,29.426035
103600,303.819458,20.395216,29.412170
103800,304.405975,20.395208,29.398417
104000,304.992493,20.395201,29.384686
104200,305.579041,20.395191,29.370955
104400,306.165558,20.395184,29.357229
104600,306.752075,20.395176,29.343508
104800,307.338593,20.395166,29.329805
105000,307.925110,20.395157,29.316200
105200,308.511658,20.395149,29.302658
105400,309.098175,20.395142,29.289129
105600,309.684692,20.395134,29.275671
105800,310.271210,20.395124,29.262285
106000,310.857758,20.395117,29.248934
106200,311.444275,20.395109,29.235586
106400,312.030792,20.395102,29.222237
106600,312.617310,20.395094,29.208895
106800,313.203827,20.395084,29.195562
107000,313.790375,20.395077,29.182259
107200,314.376892,20.395069,29.169069
107400,314.963409,20.395061,29.155910
107600,315.549927,20.395052,29.142761
107800,316.136475,20.395042,29.129662
108000,316.722992,20.395035,29.116688
108200,317.309509,20.395025,29.103718
108400,317.896027,20.395016,29.090752
108600,318.482544,20.395008,29.077785
108800,319.069092,20.394999,29.064823
109000,319.655609,20.394989,29.051872
109200,320.242126,20.394979,29.038982
109400,320.828644,20.394972,29.026192
109600,321.415192,20.394962,29.013418
109800,322.001709,20.394953,29.000664
110000,322.588226,20.394943,28.987991
110200,323.174744,20.394936,28.975391
110400,323.761261,20.394926,28.962805
110600,324.347809,20.394915,28.950218
110800,324.934326,20.394905,28.937634
111000,325.520844,20.394896,28.925051
111200,326.107361,20.394886,28.912472
111400,326.693909,20.394876,28.899912
111600,327.280426,20.394865,28.887423
111800,327.866943,20.394854,28.875017
112000,328.453461,20.394844,28.862627
112200,329.039978,20.394833,28.850254
112400,329.626526,20.394823,28.837965
112600,330.213043,20.394814,28.825747
112800,330.799561,20.394802,28.813540
113000,331.386078,20.394793,28.801336
113200,331.972626,20.394783,28.789131
113400,332.559143,20.394772,28.776932
113600,333.145660,20.394762,28.764738
113800,333.732178,20.394753,28.752583
114000,334.318695,20.394741,28.740503
114200,334.905243,20.394732,28.728487
114400,335.491760,20.394722,28.716475
114600,336.078278,20.394712,28.704485
114800,336.664795,20.394701,28.692579
115000,337.251312,20.394691,28.680750
115200,337.837860,20.394682,28.668924
115400,338.424377,20.394672,28.657101
115600,339.010895,20.394661,28.645277
115800,339.597412,20.394651,28.633457
116000,340.183960,20.394640,28.621641
116200,340.770477,20.394629,28.609831
116400,341.356995,20.394617,28.598051
116600,341.943512,20.394608,28.586365
116800,342.530029,20.394596,28.574732
117000,343.116577,20.394585,28.563099
117200,343.703094,20.394575,28.551491
117400,344.289612,20.394566,28.539953
117600,344.876129,20.394556,28.528490
117800,345.462677,20.394547,28.517046
118000,346.049194,20.394537,28.505604
118200,346.635712,20.394526,28.494162
118400,347.222229,20.394516,28.482721
118600,347.808746,20.394506,28.471285
118800,348.395294,20.394497,28.459854
119000,348.981812,20.394485,28.448471
119200,349.568329,20.394478,28.437157
119400,350.154846,20.394468,28.425900
119600,350.741394,20.394459,28.414648
119800,351.327911,20.394449,28.403408
120000,351.914429,20.394440,28.392239
120200,352.500946,20.394430,28.381136
120400,353.087463,20.394421,28.370073
120600,353.674011,20.394413,28.359013
120800,354.260529,20.394403,28.347950
121000,354.847046,20.394394,28.336891
121200,355.433563,20.394384,28.325834
121400,356.020111,20.394373,28.314777
121600,356.606628,20.394363,28.303730
121800,357.193146,20.394352,28.292700
122000,357.779663,20.394342,28.281734
122200,358.366180,20.394333,28.270857
122400,358.952728,20.394321,28.259987
122600,359.539246,20.394312,28.249123
122800,360.125763,20.394302,28.238293
123000,360.712280,20.394291,28.227522
123200,361.298828,20.394281,28.216824
123400,361.885345,20.394272,28.206142
123600,362.471863,20.394260,28.195461
123800,363.058380,20.394251,28.184782
124000,363.644897,20.394239,28.174105
124200,364.231445,20.394228,28.163431
124400,364.817963,20.394215,28.152758
124600,365.404480,20.394203,28.142099
124800,365.990997,20.394190,28.131489
125000,366.577515,20.394178,28.120968
125200,367.164062,20.394167,28.110477
125400,367.750580,20.394156,28.099993
125600,368.337097,20.394142,28.089516
125800,368.923615,20.394131,28.079067
126000,369.510162,20.394117,28.068689
126200,370.096680,20.394106,28.058388
126400,370.683197,20.394094,28.048088
126600,371.269714,20.394083,28.037788
126800,371.856232,20.394070,28.027491
127000,372.442780,20.394058,28.017195
127200,373.029297,20.394045,28.006899
127400,373.615814,20.394032,27.996607
127600,374.202332,20.394018,27.986319
127800,374.788879,20.394005,27.976042
128000,375.375397,20.393991,27.965824
128200,375.961914,20.393976,27.955666
128400,376.548431,20.393963,27.945557
128600,377.134949,20.393948,27.935450
128800,377.721497,20.393934,27.925346
129000,378.308014,20.393919,27.915293
129200,378.894531,20.393906,27.905281
129400,379.481049,20.393892,27.895346
129600,380.067596,20.393879,27.885427
129800,380.654114,20.393866,27.875511
130000,381.240631,20.393852,27.865593
130200,381.827148,20.393839,27.855677
130400,382.413666,20.393824,27.845764
130600,383.000214,20.393810,27.835850
130800,383.586731,20.393795,27.825943
131000,384.173248,20.393780,27.816055
131200,384.759766,20.393766,27.806221
131400,385.346313,20.393751,27.796438
131600,385.932831,20.393738,27.786711
131800,386.519348,20.393723,27.776985
132000,387.105865,20.393709,27.767265
132200,387.692383,20.393694,27.757563
132400,388.278931,20.393681,27.747927
132600,388.865448,20.393665,27.738340
132800,389.451965,20.393652,27.728804
133000,390.038483,20.393639,27.719267
133200,390.625031,20.393625,27.709732
133400,391.211548,20.393610,27.700195
133600,391.798065,20.393597,27.690660
133800,392.384583,20.393581,27.681126
134000,392.971100,20.393568,27.671597
134200,393.557648,20.393553,27.662066
134400,394.144165,20.393538,27.652536
134600,394.730682,20.393522,27.643030
134800,395.317200,20.393507,27.633568
135000,395.903717,20.393492,27.624184
135200,396.490265,20.393478,27.614840
135400,397.076782,20.393463,27.605495
135600,397.663300,20.393448,27.596153
135800,398.249817,20.393433,27.586817
136000,398.836365,20.393419,27.577534
136200,399.422882,20.393404,27.568350
136400,400.009399,20.393391,27.559195
136600,400.595917,20.393377,27.550039
136800,401.182434,20.393362,27.540886
137000,401.768982,20.393349,27.531731
137200,402.355499,20.393333,27.522577
137400,402.942017,20.393320,27.513424
137600,403.528534,20.393307,27.504272
137800,404.115082,20.393293,27.495123
138000,404.701599,20.393278,27.485977
138200,405.288116,20.393265,27.476835
138400,405.874634,20.393251,27.467752
138600,406.461151,20.393238,27.458740
138800,407.047699,20.393225,27.449776
139000,407.634216,20.393211,27.440813
139200,408.220734,20.393198,27.431850
139400,408.807251,20.393185,27.422892
139600,409.393799,20.393171,27.413965
139800,409.980316,20.393160,27.405100
140000,410.566833,20.393147,27.396269
140200,411.153351,20.393133,27.387495
140400,411.739868,20.393122,27.378721
140600,412.326416,20.393108,27.369947
140800,412.912933,20.393097,27.361176
141000,413.499451,20.393084,27.352402
141200,414.085968,20.393070,27.343632
141400,414.672516,20.393059,27.334860
141600,415.259033,20.393045,27.326090
141800,415.845551,20.393034,27.317322
142000,416.432068,20.393021,27.308554
142200,417.018585,20.393007,27.299793
142400,417.605133,20.392994,27.291052
142600,418.191650,20.392981,27.282356
142800,418.778168,20.392969,27.273745
143000,419.364685,20.392956,27.265162
143200,419.951202,20.392944,27.256582
143400,420.537750,20.392931,27.248003
143600,421.124268,20.392920,27.239428
143800,421.710785,20.392906,27.230886
144000,422.297302,20.392893,27.222422
144200,422.883850,20.392879,27.214005
144400,423.470367,20.392868,27.205612
144600,424.056885,20.392855,27.197220
144800,424.643402,20.392841,27.188829
145000,425.229919,20.392828,27.180439
145200,425.816467,20.392815,27.172047
145400,426.402985,20.392801,27.163658
145600,426.989502,20.392788,27.155268
145800,427.576019,20.392773,27.146881
146000,428.162567,20.392759,27.138494
146200,428.749084,20.392744,27.130110
146400,429.335602,20.392729,27.121740
146600,429.922119,20.392714,27.113417
146800,430.508636,20.392698,27.105127
147000,431.095184,20.392685,27.096916
147200,431.681702,20.392670,27.088717
147400,432.268219,20.392654,27.080515
147600,432.854736,20.392637,27.072317
147800,433.441284,20.392620,27.064123
148000,434.027802,20.392603,27.055939
148200,434.614319,20.392588,27.047823
148400,435.200836,20.392570,27.039780
148600,435.787354,20.392553,27.031769
148800,436.373901,20.392538,27.023758
149000,436.960419,20.392519,27.015747
149200,437.546936,20.392500,27.007736
149400,438.133453,20.392481,26.999727
149600,438.720001,20.392462,26.991718
149800,439.306519,20.392443,26.983709
150000,439.893036,20.392424,26.975702
150200,440.479553,20.392403,26.967691
150400,441.066071,20.392384,26.959688
150600,441.652618,20.392363,26.951687
150800,442.239136,20.392342,26.943684
151000,442.825653,20.392323,26.935692
151200,443.412170,20.392302,26.927725
151400,443.998718,20.392281,26.919813
151600,444.585236,20.392262,26.911978
151800,445.171753,20.392242,26.904158
152000,445.758270,20.392221,26.896339
152200,446.344788,20.392202,26.888521
152400,446.931335,20.392181,26.880707
152600,447.517853,20.392160,26.872892
152800,448.104370,20.392139,26.865120
153000,448.690887,20.392118,26.857382
153200,449.277405,20.392097,26.849680
153400,449.863953,20.392075,26.842051
153600,450.450470,20.392054,26.834421
153800,451.036987,20.392033,26.826792
154000,451.623505,20.392012,26.819162
154200,452.210052,20.391991,26.811535
154400,452.796570,20.391970,26.803905
154600,453.383087,20.391947,26.796278
154800,453.969604,20.391926,26.788651
155000,454.556122,20.391905,26.781025
155200,455.142670,20.391882,26.773403
155400,455.729187,20.391861,26.765776
155600,456.315704,20.391838,26.758158
155800,456.902222,20.391817,26.750540
156000,457.488770,20.391794,26.742968
156200,458.075287,20.391773,26.735445
156400,458.661804,20.391750,26.727980
156600,459.248322,20.391729,26.720541
156800,459.834839,20.391708,26.713102
157000,460.421387,20.391685,26.705666
157200,461.007904,20.391665,26.698229
157400,461.594421,20.391644,26.690796
157600,462.180939,20.391623,26.683409
157800,462.767487,20.391602,26.676062
158000,463.354004,20.391582,26.668728
158200,463.940521,20.391562,26.661461
158400,464.527039,20.391542,26.654213
158600,465.113556,20.391521,26.646965
158800,465.700104,20.391502,26.639717
159000,466.286621,20.391481,26.632469
159200,466.873138,20.391462,26.625223
159400,467.459656,20.391441,26.617975
159600,468.046204,20.391422,26.610729
159800,468.632721,20.391401,26.603483
160000,469.219238,20.391382,26.596239
160200,469.805756,20.391361,26.588993
160400,470.392273,20.391340,26.581749
160600,470.978821,20.391321,26.574505
160800,471.565338,20.391300,26.567265
161000,472.151855,20.391279,26.560022
161200,472.738373,20.391258,26.552803
161400,473.324921,20.391239,26.545603
161600,473.911438,20.391218,26.538456
161800,474.497955,20.391199,26.531372
162000,475.084473,20.391178,26.524315
162200,475.670990,20.391159,26.517258
162400,476.257538,20.391138,26.510202
162600,476.844055,20.391119,26.503147
162800,477.430573,20.391098,26.496094
163000,478.017090,20.391079,26.489042
163200,478.603607,20.391060,26.482038
163400,479.190155,20.391041,26.475065
163600,479.776672,20.391022,26.468147
163800,480.363190,20.391005,26.461246
164000,480.949707,20.390985,26.454372
164200,481.536255,20.390966,26.447506
164400,482.122772,20.390949,26.440639
164600,482.709290,20.390930,26.433773
164800,483.295807,20.390911,26.426908
165000,483.882324,20.390894,26.420042
165200,484.468872,20.390875,26.413177
165400,485.055389,20.390856,26.406311
165600,485.641907,20.390837,26.399446
165800,486.228424,20.390820,26.392584
166000,486.814972,20.390800,26.385719
166200,487.401489,20.390781,26.378859
166400,487.988007,20.390762,26.371994
166600,488.574524,20.390745,26.365141
166800,489.161041,20.390726,26.358290
167000,489.747589,20.390709,26.351460
167200,490.334106,20.390690,26.344706
167400,490.920624,20.390673,26.337997
167600,491.507141,20.390656,26.331320
167800,492.093689,20.390638,26.324646
168000,492.680206,20.390619,26.317970
168200,493.266724,20.390602,26.311296
168400,493.853241,20.390583,26.304625
168600,494.439758,20.390566,26.297955
168800,495.026306,20.390547,26.291296
169000,495.612823,20.390530,26.284708
169200,496.199341,20.390511,26.278133
169400,496.785858,20.390493,26.271601
169600,497.372406,20.390476,26.265102
169800,497.958923,20.390459,26.258617
170000,498.545441,20.390444,26.252132
170200,499.131958,20.390425,26.245647
170400,499.718475,20.390408,26.239162
