step,time,u_avg,u_exact_avg
0,0.000000,0.282324,0.282324
1,0.000856,0.281301,0.281302
2,0.001712,0.280282,0.280284
3,0.002569,0.279267,0.279270
4,0.003425,0.278255,0.278260
5,0.004281,0.277247,0.277253
6,0.005137,0.276243,0.276249
7,0.005993,0.275242,0.275250
8,0.006850,0.274245,0.274254
9,0.007706,0.273252,0.273261
10,0.008562,0.272262,0.272272
11,0.009418,0.271276,0.271287
12,0.010274,0.270293,0.270305
13,0.011131,0.269314,0.269327
14,0.011987,0.268338,0.268353
15,0.012843,0.267366,0.267382
16,0.013699,0.266398,0.266414
17,0.014555,0.265433,0.265450
18,0.015412,0.264471,0.264489
19,0.016268,0.263513,0.263532
20,0.017124,0.262559,0.262579
21,0.017980,0.261607,0.261629
22,0.018836,0.260660,0.260682
23,0.019693,0.259716,0.259739
24,0.020549,0.258775,0.258799
25,0.021405,0.257837,0.257862
26,0.022261,0.256903,0.256929
27,0.023117,0.255973,0.255999
28,0.023974,0.255046,0.255073
29,0.024830,0.254122,0.254150
30,0.025686,0.253201,0.253230
31,0.026542,0.252284,0.252314
32,0.027398,0.251370,0.251401
33,0.028255,0.250459,0.250491
34,0.029111,0.249552,0.249585
35,0.029967,0.248648,0.248682
36,0.030823,0.247747,0.247782
37,0.031679,0.246850,0.246885
38,0.032536,0.245956,0.245992
39,0.033392,0.245065,0.245101
40,0.034248,0.244177,0.244215
41,0.035104,0.243293,0.243331
42,0.035960,0.242411,0.242450
43,0.036817,0.241533,0.241573
44,0.037673,0.240658,0.240699
45,0.038529,0.239786,0.239828
46,0.039385,0.238918,0.238960
47,0.040241,0.238052,0.238095
48,0.041098,0.237190,0.237234
49,0.041954,0.236331,0.236375
50,0.042810,0.235475,0.235520
51,0.043666,0.234622,0.234668
52,0.044522,0.233772,0.233818
53,0.045379,0.232925,0.232972
54,0.046235,0.232081,0.232129
55,0.047091,0.231240,0.231289
56,0.047947,0.230403,0.230452
57,0.048803,0.229568,0.229618
58,0.049660,0.228737,0.228787
59,0.050516,0.227908,0.227960
60,0.051372,0.227082,0.227135
61,0.052228,0.226260,0.226313
62,0.053084,0.225440,0.225494
63,0.053941,0.224623,0.224678
64,0.054797,0.223810,0.223865
65,0.055653,0.222999,0.223055
66,0.056509,0.222191,0.222248
67,0.057365,0.221386,0.221443
68,0.058222,0.220584,0.220642
69,0.059078,0.219785,0.219844
70,0.059934,0.218989,0.219048
71,0.060790,0.218196,0.218255
72,0.061646,0.217405,0.217466
73,0.062503,0.216618,0.216679
74,0.063359,0.215833,0.215895
75,0.064215,0.215051,0.215113
76,0.065071,0.214272,0.214335
77,0.065927,0.213496,0.213559
78,0.066784,0.212723,0.212787
79,0.067640,0.211952,0.212017
80,0.068496,0.211184,0.211249
81,0.069352,0.210419,0.210485
82,0.070208,0.209657,0.209723
83,0.071065,0.208898,0.208964
84,0.071921,0.208141,0.208208
85,0.072777,0.207387,0.207455
86,0.073633,0.206636,0.206704
87,0.074489,0.205887,0.205956
88,0.075346,0.205141,0.205211
89,0.076202,0.204398,0.204468
90,0.077058,0.203658,0.203728
91,0.077914,0.202920,0.202991
92,0.078770,0.202185,0.202256
93,0.079627,0.201453,0.201525
94,0.080483,0.200723,0.200795
95,0.081339,0.199996,0.200069
96,0.082195,0.199271,0.199345
97,0.083051,0.198549,0.198623
98,0.083908,0.197830,0.197905
99,0.084764,0.197114,0.197189
100,0.085620,0.196400,0.196475
101,0.086476,0.195688,0.195764
102,0.087332,0.194979,0.195056
103,0.088189,0.194273,0.194350
104,0.089045,0.193569,0.193646
105,0.089901,0.192868,0.192946
106,0.090757,0.192169,0.192248
107,0.091613,0.191473,0.191552
108,0.092470,0.190780,0.190859
109,0.093326,0.190089,0.190168
110,0.094182,0.189400,0.189480
111,0.095038,0.188714,0.188794
112,0.095894,0.188030,0.188111
113,0.096751,0.187349,0.187430
114,0.097607,0.186670,0.186752
115,0.098463,0.185994,0.186076
116,0.099319,0.185320,0.185403
117,0.100175,0.184649,0.184732
118,0.101032,0.183980,0.184064
119,0.101888,0.183314,0.183398
120,0.102744,0.182650,0.182734
121,0.103600,0.181988,0.182073
122,0.104456,0.181329,0.181414
123,0.105313,0.180672,0.180757
124,0.106169,0.180018,0.180103
125,0.107025,0.179365,0.179452
126,0.107881,0.178716,0.178802
127,0.108737,0.178068,0.178155
128,0.109594,0.177423,0.177510
129,0.110450,0.176781,0.176868
130,0.111306,0.176140,0.176228
131,0.112162,0.175502,0.175590
132,0.113018,0.174866,0.174955
133,0.113875,0.174233,0.174322
134,0.114731,0.173602,0.173691
135,0.115587,0.172973,0.173063
136,0.116443,0.172346,0.172436
137,0.117299,0.171722,0.171812
138,0.118155,0.171100,0.171191
139,0.119012,0.170480,0.170571
140,0.119868,0.169863,0.169954
141,0.120724,0.169247,0.169339
142,0.121580,0.168634,0.168726
143,0.122436,0.168023,0.168116
144,0.123293,0.167415,0.167507
145,0.124149,0.166808,0.166901
146,0.125005,0.166204,0.166297
147,0.125861,0.165602,0.165695
148,0.126717,0.165002,0.165096
149,0.127574,0.164404,0.164498
150,0.128430,0.163809,0.163903
151,0.129286,0.163215,0.163310
152,0.130142,0.162624,0.162719
153,0.130998,0.162035,0.162130
154,0.131855,0.161448,0.161543
155,0.132711,0.160863,0.160959
156,0.133567,0.160280,0.160376
157,0.134423,0.159700,0.159796
158,0.135279,0.159121,0.159218
159,0.136136,0.158545,0.158642
160,0.136992,0.157971,0.158068
161,0.137848,0.157398,0.157496
162,0.138704,0.156828,0.156926
163,0.139560,0.156260,0.156358
164,0.140417,0.155694,0.155792
165,0.141273,0.155130,0.155228
166,0.142129,0.154568,0.154667
167,0.142985,0.154008,0.154107
168,0.143841,0.153450,0.153549
169,0.144698,0.152894,0.152994
170,0.145554,0.152341,0.152440
171,0.146410,0.151789,0.151888
172,0.147266,0.151239,0.151339
173,0.148122,0.150691,0.150791
174,0.148979,0.150145,0.150245
175,0.149835,0.149601,0.149702
176,0.150691,0.149059,0.149160
177,0.151547,0.148519,0.148620
178,0.152403,0.147981,0.148082
179,0.153260,0.147445,0.147547
180,0.154116,0.146911,0.147013
181,0.154972,0.146379,0.146481
182,0.155828,0.145849,0.145951
183,0.156684,0.145320,0.145423
184,0.157541,0.144794,0.144896
185,0.158397,0.144269,0.144372
186,0.159253,0.143747,0.143850
187,0.160109,0.143226,0.143329
188,0.160965,0.142707,0.142810
189,0.161822,0.142190,0.142294
190,0.162678,0.141675,0.141779
191,0.163534,0.141162,0.141266
192,0.164390,0.140651,0.140754
193,0.165246,0.140141,0.140245
194,0.166103,0.139634,0.139738
195,0.166959,0.139128,0.139232
196,0.167815,0.138624,0.138728
197,0.168671,0.138122,0.138226
198,0.169527,0.137621,0.137726
199,0.170384,0.137123,0.137228
200,0.171240,0.136626,0.136731
201,0.172096,0.136131,0.136236
202,0.172952,0.135638,0.135743
203,0.173808,0.135147,0.135252
204,0.174665,0.134657,0.134763
205,0.175521,0.134169,0.134275
206,0.176377,0.133683,0.133789
207,0.177233,0.133199,0.133305
208,0.178089,0.132716,0.132822
209,0.178946,0.132236,0.132342
210,0.179802,0.131757,0.131863
211,0.180658,0.131279,0.131386
212,0.181514,0.130804,0.130910
213,0.182370,0.130330,0.130437
214,0.183227,0.129858,0.129965
215,0.184083,0.129387,0.129494
216,0.184939,0.128919,0.129026
217,0.185795,0.128452,0.128559
218,0.186651,0.127986,0.128094
219,0.187508,0.127523,0.127630
220,0.188364,0.127061,0.127168
221,0.189220,0.126601,0.126708
222,0.190076,0.126142,0.126250
223,0.190932,0.125685,0.125793
224,0.191789,0.125230,0.125338
225,0.192645,0.124776,0.124884
226,0.193501,0.124324,0.124432
227,0.194357,0.123874,0.123982
228,0.195213,0.123425,0.123533
229,0.196070,0.122978,0.123086
230,0.196926,0.122532,0.122641
231,0.197782,0.122089,0.122197
232,0.198638,0.121646,0.121755
233,0.199494,0.121206,0.121314
234,0.200351,0.120767,0.120875
235,0.201207,0.120329,0.120438
236,0.202063,0.119893,0.120002
237,0.202919,0.119459,0.119568
238,0.203775,0.119026,0.119135
239,0.204632,0.118595,0.118704
240,0.205488,0.118165,0.118274
241,0.206344,0.117737,0.117846
242,0.207200,0.117311,0.117420
243,0.208056,0.116886,0.116995
244,0.208913,0.116463,0.116572
245,0.209769,0.116041,0.116150
246,0.210625,0.115620,0.115730
247,0.211481,0.115201,0.115311
248,0.212337,0.114784,0.114893
249,0.213194,0.114368,0.114478
250,0.214050,0.113954,0.114063
251,0.214906,0.113541,0.113651
252,0.215762,0.113130,0.113239
253,0.216618,0.112720,0.112830
254,0.217475,0.112312,0.112421
255,0.218331,0.111905,0.112015
256,0.219187,0.111500,0.111609
257,0.220043,0.111096,0.111205
258,0.220899,0.110693,0.110803
259,0.221756,0.110292,0.110402
260,0.222612,0.109893,0.110002
261,0.223468,0.109495,0.109604
262,0.224324,0.109098,0.109208
263,0.225180,0.108703,0.108813
264,0.226037,0.108309,0.108419
265,0.226893,0.107917,0.108027
266,0.227749,0.107526,0.107636
267,0.228605,0.107136,0.107246
268,0.229461,0.106748,0.106858
269,0.230318,0.106361,0.106471
270,0.231174,0.105976,0.106086
271,0.232030,0.105592,0.105702
272,0.232886,0.105210,0.105320
273,0.233742,0.104829,0.104939
274,0.234599,0.104449,0.104559
275,0.235455,0.104071,0.104181
276,0.236311,0.103694,0.103804
277,0.237167,0.103318,0.103428
278,0.238023,0.102944,0.103054
279,0.238880,0.102571,0.102681
280,0.239736,0.102199,0.102309
281,0.240592,0.101829,0.101939
282,0.241448,0.101460,0.101570
283,0.242304,0.101093,0.101203
284,0.243161,0.100726,0.100836
285,0.244017,0.100362,0.100471
286,0.244873,0.099998,0.100108
287,0.245729,0.099636,0.099746
288,0.246585,0.099275,0.099385
289,0.247442,0.098915,0.099025
290,0.248298,0.098557,0.098667
291,0.249154,0.098200,0.098310
292,0.250010,0.097844,0.097954
293,0.250866,0.097490,0.097599
294,0.251723,0.097137,0.097246
295,0.252579,0.096785,0.096894
296,0.253435,0.096434,0.096544
297,0.254291,0.096085,0.096194
298,0.255147,0.095737,0.095846
299,0.256004,0.095390,0.095499
300,0.256860,0.095044,0.095154
301,0.257716,0.094700,0.094810
302,0.258572,0.094357,0.094466
303,0.259428,0.094015,0.094125
304,0.260285,0.093675,0.093784
305,0.261141,0.093335,0.093445
306,0.261997,0.092997,0.093107
307,0.262853,0.092660,0.092770
308,0.263709,0.092325,0.092434
309,0.264566,0.091990,0.092099
310,0.265422,0.091657,0.091766
311,0.266278,0.091325,0.091434
312,0.267134,0.090994,0.091103
313,0.267990,0.090665,0.090774
314,0.268847,0.090336,0.090445
315,0.269703,0.090009,0.090118
316,0.270559,0.089683,0.089792
317,0.271415,0.089358,0.089467
318,0.272271,0.089034,0.089143
319,0.273128,0.088712,0.088820
320,0.273984,0.088390,0.088499
321,0.274840,0.088070,0.088179
322,0.275696,0.087751,0.087860
323,0.276552,0.087433,0.087542
324,0.277409,0.087117,0.087225
325,0.278265,0.086801,0.086909
326,0.279121,0.086487,0.086595
327,0.279977,0.086173,0.086281
328,0.280833,0.085861,0.085969
329,0.281690,0.085550,0.085658
330,0.282546,0.085240,0.085348
331,0.283402,0.084931,0.085039
332,0.284258,0.084624,0.084732
333,0.285114,0.084317,0.084425
334,0.285971,0.084012,0.084119
335,0.286827,0.083707,0.083815
336,0.287683,0.083404,0.083512
337,0.288539,0.083102,0.083210
338,0.289395,0.082801,0.082908
339,0.290252,0.082501,0.082608
340,0.291108,0.082202,0.082310
341,0.291964,0.081904,0.082012
342,0.292820,0.081608,0.081715
343,0.293676,0.081312,0.081419
344,0.294533,0.081018,0.081125
345,0.295389,0.080724,0.080831
346,0.296245,0.080432,0.080539
347,0.297101,0.080140,0.080247
348,0.297957,0.079850,0.079957
349,0.298814,0.079561,0.079667
350,0.299670,0.079273,0.079379
351,0.300526,0.078985,0.079092
352,0.301382,0.078699,0.078806
353,0.302238,0.078414,0.078520
354,0.303095,0.078130,0.078236
355,0.303951,0.077847,0.077953
356,0.304807,0.077565,0.077671
357,0.305663,0.077284,0.077390
358,0.306519,0.077004,0.077110
359,0.307376,0.076725,0.076831
360,0.308232,0.076447,0.076553
361,0.309088,0.076170,0.076276
362,0.309944,0.075894,0.076000
363,0.310800,0.075619,0.075725
364,0.311657,0.075346,0.075451
365,0.312513,0.075073,0.075178
366,0.313369,0.074801,0.074906
367,0.314225,0.074530,0.074635
368,0.315081,0.074260,0.074365
369,0.315938,0.073991,0.074096
370,0.316794,0.073723,0.073827
371,0.317650,0.073456,0.073560
372,0.318506,0.073190,0.073294
373,0.319362,0.072924,0.073029
374,0.320219,0.072660,0.072765
375,0.321075,0.072397,0.072501
376,0.321931,0.072135,0.072239
377,0.322787,0.071873,0.071978
378,0.323643,0.071613,0.071717
379,0.324500,0.071354,0.071458
380,0.325356,0.071095,0.071199
381,0.326212,0.070838,0.070941
382,0.327068,0.070581,0.070685
383,0.327924,0.070325,0.070429
384,0.328781,0.070071,0.070174
385,0.329637,0.069817,0.069920
386,0.330493,0.069564,0.069667
387,0.331349,0.069312,0.069415
388,0.332205,0.069061,0.069164
389,0.333062,0.068811,0.068914
390,0.333918,0.068561,0.068664
391,0.334774,0.068313,0.068416
392,0.335630,0.068066,0.068168
393,0.336486,0.067819,0.067921
394,0.337343,0.067573,0.067676
395,0.338199,0.067329,0.067431
396,0.339055,0.067085,0.067187
397,0.339911,0.066842,0.066944
398,0.340767,0.066600,0.066701
399,0.341623,0.066358,0.066460
400,0.342480,0.066118,0.066220
401,0.343336,0.065878,0.065980
402,0.344192,0.065640,0.065741
403,0.345048,0.065402,0.065503
404,0.345904,0.065165,0.065266
405,0.346761,0.064929,0.065030
406,0.347617,0.064694,0.064795
407,0.348473,0.064459,0.064560
408,0.349329,0.064226,0.064327
409,0.350185,0.063993,0.064094
410,0.351042,0.063761,0.063862
411,0.351898,0.063530,0.063631
412,0.352754,0.063300,0.063401
413,0.353610,0.063071,0.063171
414,0.354466,0.062843,0.062943
415,0.355323,0.062615,0.062715
416,0.356179,0.062388,0.062488
417,0.357035,0.062162,0.062262
418,0.357891,0.061937,0.062036
419,0.358747,0.061713,0.061812
420,0.359604,0.061489,0.061588
421,0.360460,0.061266,0.061365
422,0.361316,0.061044,0.061143
423,0.362172,0.060823,0.060922
424,0.363028,0.060603,0.060702
425,0.363885,0.060383,0.060482
426,0.364741,0.060165,0.060263
427,0.365597,0.059947,0.060045
428,0.366453,0.059730,0.059828
429,0.367309,0.059513,0.059611
430,0.368166,0.059298,0.059396
431,0.369022,0.059083,0.059181
432,0.369878,0.058869,0.058966
433,0.370734,0.058655,0.058753
434,0.371590,0.058443,0.058540
435,0.372447,0.058231,0.058329
436,0.373303,0.058020,0.058118
437,0.374159,0.057810,0.057907
438,0.375015,0.057601,0.057698
439,0.375871,0.057392,0.057489
440,0.376728,0.057184,0.057281
441,0.377584,0.056977,0.057074
442,0.378440,0.056771,0.056867
443,0.379296,0.056565,0.056661
444,0.380152,0.056360,0.056456
445,0.381009,0.056156,0.056252
446,0.381865,0.055953,0.056048
447,0.382721,0.055750,0.055846
448,0.383577,0.055548,0.055644
449,0.384433,0.055347,0.055442
450,0.385290,0.055146,0.055242
451,0.386146,0.054946,0.055042
452,0.387002,0.054747,0.054842
453,0.387858,0.054549,0.054644
454,0.388714,0.054351,0.054446
455,0.389571,0.054155,0.054249
456,0.390427,0.053958,0.054053
457,0.391283,0.053763,0.053857
458,0.392139,0.053568,0.053662
459,0.392995,0.053374,0.053468
460,0.393852,0.053181,0.053275
461,0.394708,0.052988,0.053082
462,0.395564,0.052796,0.052890
463,0.396420,0.052605,0.052699
464,0.397276,0.052414,0.052508
465,0.398133,0.052225,0.052318
466,0.398989,0.052035,0.052129
467,0.399845,0.051847,0.051940
468,0.400701,0.051659,0.051752
469,0.401557,0.051472,0.051565
470,0.402414,0.051285,0.051378
471,0.403270,0.051100,0.051192
472,0.404126,0.050915,0.051007
473,0.404982,0.050730,0.050822
474,0.405838,0.050546,0.050638
475,0.406695,0.050363,0.050455
476,0.407551,0.050181,0.050273
477,0.408407,0.049999,0.050091
478,0.409263,0.049818,0.049909
479,0.410119,0.049637,0.049729
480,0.410976,0.049458,0.049549
481,0.411832,0.049278,0.049370
482,0.412688,0.049100,0.049191
483,0.413544,0.048922,0.049013
484,0.414400,0.048745,0.048836
485,0.415257,0.048568,0.048659
486,0.416113,0.048392,0.048483
487,0.416969,0.048217,0.048307
488,0.417825,0.048042,0.048133
489,0.418681,0.047868,0.047958
490,0.419538,0.047695,0.047785
491,0.420394,0.047522,0.047612
492,0.421250,0.047350,0.047440
493,0.422106,0.047179,0.047268
494,0.422962,0.047008,0.047097
495,0.423819,0.046837,0.046926
496,0.424675,0.046668,0.046757
497,0.425531,0.046499,0.046587
498,0.426387,0.046330,0.046419
499,0.427243,0.046162,0.046251
500,0.428100,0.045995,0.046084
501,0.428956,0.045829,0.045917
502,0.429812,0.045663,0.045751
503,0.430668,0.045497,0.045585
504,0.431524,0.045332,0.045420
505,0.432381,0.045168,0.045256
506,0.433237,0.045004,0.045092
507,0.434093,0.044841,0.044929
508,0.434949,0.044679,0.044766
509,0.435805,0.044517,0.044604
510,0.436662,0.044356,0.044443
511,0.437518,0.044195,0.044282
512,0.438374,0.044035,0.044122
513,0.439230,0.043876,0.043962
514,0.440086,0.043717,0.043803
515,0.440943,0.043558,0.043644
516,0.441799,0.043401,0.043487
517,0.442655,0.043243,0.043329
518,0.443511,0.043087,0.043172
519,0.444367,0.042931,0.043016
520,0.445224,0.042775,0.042861
521,0.446080,0.042620,0.042705
522,0.446936,0.042466,0.042551
523,0.447792,0.042312,0.042397
524,0.448648,0.042159,0.042243
525,0.449505,0.042006,0.042091
526,0.450361,0.041854,0.041938
527,0.451217,0.041702,0.041787
528,0.452073,0.041551,0.041635
529,0.452929,0.041401,0.041485
530,0.453786,0.041251,0.041335
531,0.454642,0.041101,0.041185
532,0.455498,0.040952,0.041036
533,0.456354,0.040804,0.040887
534,0.457210,0.040656,0.040740
535,0.458067,0.040509,0.040592
536,0.458923,0.040362,0.040445
537,0.459779,0.040216,0.040299
538,0.460635,0.040070,0.040153
539,0.461491,0.039925,0.040008
540,0.462348,0.039780,0.039863
541,0.463204,0.039636,0.039719
542,0.464060,0.039493,0.039575
543,0.464916,0.039350,0.039432
544,0.465772,0.039207,0.039289
545,0.466629,0.039065,0.039147
546,0.467485,0.038924,0.039005
547,0.468341,0.038783,0.038864
548,0.469197,0.038642,0.038723
549,0.470053,0.038502,0.038583
550,0.470910,0.038363,0.038444
551,0.471766,0.038224,0.038305
552,0.472622,0.038085,0.038166
